id	family_name	first_name	sex	age	user_type
UE172A74FD6D0DB9	内藤	良介	男性	36	一般会員
UD09578A1403FA02	黒木	心美	女性	31	一般会員
UCFFB3EC8C7827AF	並木	淳一	男性	38	一般会員
U8C00CE373889E3D	河原	遥輝	男性	31	一般会員
U99D0E191C357DAF	小笠原	彩葉	女性	36	一般会員
U069F24122A529F2	江川	文香	女性	33	一般会員
UDAEB915FF52DBDD	飯塚	凛花	女性	29	一般会員
U658F26B9B4CF403	矢島	龍太	男性	38	一般会員
UD37F9D699AE9116	瀬尾	進	男性	40	一般会員
U0D26F8AFB79DF13	八木	さおり	女性	35	一般会員
U6EE404B488A297B	織田	雄真	男性	47	一般会員
U5C6B539C19C5C4F	小寺	宏美	女性	39	一般会員
U60622D990DEE5FE	宮田	乃愛	女性	36	一般会員
UD14B7952E8DCDCB	富岡	柚季	女性	38	一般会員
U48BAE6FDBD1AF77	川辺	裕太	男性	36	一般会員
U110B32121582F90	板垣	一真	男性	24	一般会員
UE4BADE19FCA59A6	茂木	大輝	男性	32	一般会員
U83DBC6A0CC2C351	野崎	ゆかり	女性	35	一般会員
UD143E6978AD88CF	深沢	颯介	男性	40	一般会員
U2230B9A1EC9FDE5	笹川	恭平	男性	32	一般会員
UEF1B150F328B811	高梨	浩司	男性	37	一般会員
U73EE29FC02D986A	堀川	輝	男性	33	一般会員
U45542C75B5F350A	長田	陽菜	女性	31	一般会員
U3BAB8990628319C	堀田	海翔	男性	32	一般会員
U4DD32B024AF946F	松本	あいり	女性	42	一般会員
U77F061C153C37FD	笹川	早織	女性	29	一般会員
U707B9CCD2D571EC	秦	いづみ	女性	33	一般会員
U2450993D991C053	藤木	瑞樹	男性	21	一般会員
UC79B2A4C0D9EB15	入江	柚衣	女性	36	一般会員
UC75A5B6F59ACAAB	野中	斗真	男性	38	一般会員
U715B7782CD9C473	岡	駿太郎	男性	40	一般会員
UB9D651DA9FD0E0A	岡本	由美子	女性	34	一般会員
U126D7992BE6D531	入江	温斗	男性	22	一般会員
U2B4FEE96C7A34F9	有田	渚	男性	33	一般会員
UB2D3643EE3982CD	北沢	彩奈	女性	42	一般会員
U75C67940487C3B5	小池	もも	女性	35	一般会員
U0D3BA280AF2824E	江崎	優衣	女性	40	一般会員
UCEC7AA89292A676	佐々木	健司	男性	25	一般会員
UFB0AC86BE5D7D69	田口	晃成	男性	39	プレミアム会員
U2870B57C54A363E	加藤	清香	女性	34	一般会員
UF7CBC3CE321E9DD	菊池	慶次	男性	27	一般会員
U2EE46FC0AF76550	笠原	里咲	女性	40	一般会員
U098DC443C5DDB3E	波多野	まどか	女性	41	一般会員
UB503901061DBD81	黒岩	愛斗	男性	24	一般会員
U0D2EAB931F51143	岡崎	佳祐	男性	32	一般会員
UC23B3907B09D975	岩谷	涼音	女性	34	一般会員
UEA7C5FBFEF104F2	磯野	篤志	男性	26	一般会員
UDAD79D91DD45EFC	村田	希	女性	41	一般会員
U475AB5F2575F1BB	塩田	直紀	男性	36	一般会員
U041417986469E49	浅川	竣	男性	41	一般会員
UE61C486A60C2DBD	岩渕	百花	女性	43	一般会員
U47795955A0C0785	浜崎	壮汰	男性	31	一般会員
U2F9763A0099AA2D	佐藤	蒼介	男性	38	一般会員
U4112131EAB6FF14	森	葉菜	女性	39	一般会員
UFD0FD15A6D400A4	上田	渚	男性	33	一般会員
U33AFE8946D8675C	曽根	奈緒美	女性	42	一般会員
U5E0157F777923ED	山村	竜	男性	33	一般会員
U76D9875BDB3AD42	猪股	龍生	男性	31	一般会員
UD439EA6EA358FFF	杉野	優佳	女性	32	一般会員
U59B7B80F2BA7178	金城	友樹	男性	45	一般会員
U3129E827745BDF7	横田	聡太	男性	42	一般会員
U1FDEFE5356EDB36	岩佐	桃子	女性	20	一般会員
U21DF46361D4F11A	境	奏汰	男性	36	一般会員
UBB7B4556537BC2A	堀田	文子	女性	29	一般会員
UEABCED49FA1BE85	橋爪	美奈	女性	36	一般会員
U43F505D01C38BA4	野村	陽貴	男性	42	一般会員
U030FA6C44633F83	長尾	萌香	女性	35	一般会員
U5BA7A5A44279070	夏目	実咲	女性	29	一般会員
U600FC69BC569815	高原	遼太朗	男性	32	一般会員
U6A6DC6AF302ADD2	宮脇	正和	男性	38	一般会員
U5A0DC4951A9B823	中塚	真子	女性	45	一般会員
U1EF62458BF24735	高島	紗季	女性	37	一般会員
U6CAF70748155413	金谷	旭	男性	42	一般会員
UAE9EC0FA04CBF78	西島	悠登	男性	49	一般会員
U35D1B10F737A4CD	野口	風太	男性	32	一般会員
U4527C85FCBB2AB8	山上	莉音	女性	38	一般会員
U4E5AD5F7A201DF1	吉原	蓮斗	男性	22	一般会員
UC7917D4D4FB2DF5	藤野	莉奈	女性	26	一般会員
U06E7695D3A39ABC	畑	美代子	女性	32	一般会員
UD8701D81BD4EAAF	柏原	一樹	男性	29	一般会員
UD7FCA14F02A2FD5	大高	心	男性	26	一般会員
UDE98AE71D66B44C	三好	千秋	女性	32	プレミアム会員
U5A64E549E75F776	小松	萌	女性	32	プレミアム会員
U8917C2EF2C77937	諏訪	颯人	男性	36	一般会員
U048C846831ADC89	向井	敦史	男性	39	一般会員
U6B29FDEED5EDAC2	寺西	蓮太	男性	29	一般会員
UCB595395DB96D9F	宮崎	努	男性	27	一般会員
U8EC0F37C47CEBA2	星野	瑛汰	男性	34	一般会員
U9FB3039F3A45AA2	豊島	菜月	女性	37	一般会員
U3F6F6C4EF0825C5	早川	透	男性	35	一般会員
UF3330C436C57E05	広瀬	愛美	女性	62	一般会員
U91CDE97135FAA8D	寺田	真紀	女性	20	一般会員
U146E25A933EDABC	鈴木	雅子	女性	28	一般会員
UFFBC9AECE9C6145	真田	正明	男性	37	一般会員
U1F73CFFCBB0D269	三田	麟太郎	男性	41	一般会員
U4F8CFB16DD80C17	大槻	桃歌	女性	33	一般会員
UE423C2A558D962B	今村	瑠衣	女性	29	一般会員
U918C9A433EFE74F	木内	優樹	男性	38	一般会員
U09E4DB4CF4FFE5B	土田	雄貴	男性	43	一般会員
U30F86CB734FF92F	原田	るな	女性	42	一般会員
